components,Gene.Symbol,Description,Category,Uniprot.ID,Gifts,GC.Id,Relevance.score,GeneCards.Link
"(25R)-5Î‘-Spirostan-3Î’-Ol,Tigogenin",AR,Androgen Receptor,Protein Coding,P10275,58,GC0XP067544,64.6021728515625,https://www.genecards.org/cgi-bin/carddisp.pl?gene=AR
"2-Isopropyl-8-Methylphenanthrene-3,4-Dione(R0-090680)",BGLAP,Bone Gamma-Carboxyglutamate Protein,Protein Coding,P02818,46,GC01P156242,11.1950721740723,https://www.genecards.org/cgi-bin/carddisp.pl?gene=BGLAP
"2-Isopropyl-8-Methylphenanthrene-3,4-Dione(R0-090680)",F2,"Coagulation Factor II, Thrombin",Protein Coding,P00734,57,GC11P046851,14.1502466201782,https://www.genecards.org/cgi-bin/carddisp.pl?gene=F2
"2-Isopropyl-8-Methylphenanthrene-3,4-Dione(R0-090680)",NQO1,NAD(P)H Quinone Dehydrogenase 1,Protein Coding,P15559,54,GC16M069706,29.6980094909668,https://www.genecards.org/cgi-bin/carddisp.pl?gene=NQO1
"2-Isopropyl-8-Methylphenanthrene-3,4-Dione(R0-090680)",NQO2,N-Ribosyldihydronicotinamide:Quinone Reductase 2,Protein Coding,P16083,52,GC06P003506,21.6098461151123,https://www.genecards.org/cgi-bin/carddisp.pl?gene=NQO2
"2-Isopropyl-8-Methylphenanthrene-3,4-Dione(R0-090680)",PROS1,Protein S,Protein Coding,P07225,56,GC03M093873,8.44273376464844,https://www.genecards.org/cgi-bin/carddisp.pl?gene=PROS1
"3,4-Dihydroxybenzoic Acid,Protocatechuic Acid",LCN2,Lipocalin 2,Protein Coding,P80188,52,GC09P128149,16.4414939880371,https://www.genecards.org/cgi-bin/carddisp.pl?gene=LCN2
"3,4-Dihydroxybenzoic Acid,Protocatechuic Acid",MIF,Macrophage Migration Inhibitory Factor,Protein Coding,P14174,54,GC22P023894,17.299617767334,https://www.genecards.org/cgi-bin/carddisp.pl?gene=MIF
3-O-Acetyloleanolic Acid,ALOX5,Arachidonate 5-Lipoxygenase,Protein Coding,P09917,54,GC10P045374,16.8650226593018,https://www.genecards.org/cgi-bin/carddisp.pl?gene=ALOX5
3-O-Acetyloleanolic Acid,ANXA1,Annexin A1,Protein Coding,P04083,53,GC09P073151,20.0188007354736,https://www.genecards.org/cgi-bin/carddisp.pl?gene=ANXA1
3-O-Acetyloleanolic Acid,AR,Androgen Receptor,Protein Coding,P10275,58,GC0XP067544,64.6021728515625,https://www.genecards.org/cgi-bin/carddisp.pl?gene=AR
3-O-Acetyloleanolic Acid,CASP3,Caspase 3,Protein Coding,P42574,56,GC04M184627,39.0527992248535,https://www.genecards.org/cgi-bin/carddisp.pl?gene=CASP3
3-O-Acetyloleanolic Acid,ESR1,Estrogen Receptor 1,Protein Coding,P03372,61,GC06P151656,68.4392929077148,https://www.genecards.org/cgi-bin/carddisp.pl?gene=ESR1
3-O-Acetyloleanolic Acid,HMGCR,3-Hydroxy-3-Methylglutaryl-CoA Reductase,Protein Coding,P04035,53,GC05P075336,11.0866441726685,https://www.genecards.org/cgi-bin/carddisp.pl?gene=HMGCR
3-O-Acetyloleanolic Acid,HSD3B1,"Hydroxy-Delta-5-Steroid Dehydrogenase, 3 Beta- And Steroid Delta-Isomerase 1",Protein Coding,P14060,50,GC01P119507,7.63080930709839,https://www.genecards.org/cgi-bin/carddisp.pl?gene=HSD3B1
3-O-Acetyloleanolic Acid,ITGAL,Integrin Subunit Alpha L,Protein Coding,P20701,53,GC16P030472,6.79629421234131,https://www.genecards.org/cgi-bin/carddisp.pl?gene=ITGAL
3-O-Acetyloleanolic Acid,ITGB2,Integrin Subunit Beta 2,Protein Coding,P05107,57,GC21M044885,5.77096652984619,https://www.genecards.org/cgi-bin/carddisp.pl?gene=ITGB2
3-O-Acetyloleanolic Acid,LPL,Lipoprotein Lipase,Protein Coding,P06858,56,GC08P019901,10.4199180603027,https://www.genecards.org/cgi-bin/carddisp.pl?gene=LPL
3-O-Acetyloleanolic Acid,NFKB1,Nuclear Factor Kappa B Subunit 1,Protein Coding,P19838,60,GC04P102501,32.5322761535645,https://www.genecards.org/cgi-bin/carddisp.pl?gene=NFKB1
3-O-Acetyloleanolic Acid,NFKB2,Nuclear Factor Kappa B Subunit 2,Protein Coding,Q00653,59,GC10P102394,15.0553283691406,https://www.genecards.org/cgi-bin/carddisp.pl?gene=NFKB2
3-O-Acetyloleanolic Acid,NFKBIA,NFKB Inhibitor Alpha,Protein Coding,P25963,57,GC14M035401,27.5173683166504,https://www.genecards.org/cgi-bin/carddisp.pl?gene=NFKBIA
3-O-Acetyloleanolic Acid,NR1H4,Nuclear Receptor Subfamily 1 Group H Member 4,Protein Coding,Q96RI1,54,GC12P100473,5.04072093963623,https://www.genecards.org/cgi-bin/carddisp.pl?gene=NR1H4
3-O-Acetyloleanolic Acid,NR1I2,Nuclear Receptor Subfamily 1 Group I Member 2,Protein Coding,O75469,50,GC03P119780,10.6707277297974,https://www.genecards.org/cgi-bin/carddisp.pl?gene=NR1I2
3-O-Acetyloleanolic Acid,NR3C1,Nuclear Receptor Subfamily 3 Group C Member 1,Protein Coding,P04150,56,GC05M143277,14.93212890625,https://www.genecards.org/cgi-bin/carddisp.pl?gene=NR3C1
3-O-Acetyloleanolic Acid,NR3C2,Nuclear Receptor Subfamily 3 Group C Member 2,Protein Coding,P08235,53,GC04M148078,7.7920708656311,https://www.genecards.org/cgi-bin/carddisp.pl?gene=NR3C2
3-O-Acetyloleanolic Acid,PGR,Progesterone Receptor,Protein Coding,P06401,56,GC11M109955,29.506965637207,https://www.genecards.org/cgi-bin/carddisp.pl?gene=PGR
3-O-Acetyloleanolic Acid,PTGS1,Prostaglandin-Endoperoxide Synthase 1,Protein Coding,P23219,53,GC09P122370,22.4558048248291,https://www.genecards.org/cgi-bin/carddisp.pl?gene=PTGS1
3-O-Acetyloleanolic Acid,TNF,Tumor Necrosis Factor,Protein Coding,P01375,58,GC06P104098,46.3773574829102,https://www.genecards.org/cgi-bin/carddisp.pl?gene=TNF
"Alexandrin,Daucosterol,Caproic Acid,Eleutheroside A,Sitogluside,Strumaroside,Î’-Sitosterol-Î’-D-Glucoside",ANXA1,Annexin A1,Protein Coding,P04083,53,GC09P073151,20.0188007354736,https://www.genecards.org/cgi-bin/carddisp.pl?gene=ANXA1
"Alexandrin,Daucosterol,Caproic Acid,Eleutheroside A,Sitogluside,Strumaroside,Î’-Sitosterol-Î’-D-Glucoside",ATP1A1,ATPase Na+/K+ Transporting Subunit Alpha 1,Protein Coding,P05023,57,GC01P116372,6.45294523239136,https://www.genecards.org/cgi-bin/carddisp.pl?gene=ATP1A1
"Alexandrin,Daucosterol,Caproic Acid,Eleutheroside A,Sitogluside,Strumaroside,Î’-Sitosterol-Î’-D-Glucoside",CASP3,Caspase 3,Protein Coding,P42574,56,GC04M184627,39.0527992248535,https://www.genecards.org/cgi-bin/carddisp.pl?gene=CASP3
"Alexandrin,Daucosterol,Caproic Acid,Eleutheroside A,Sitogluside,Strumaroside,Î’-Sitosterol-Î’-D-Glucoside",HSD3B1,"Hydroxy-Delta-5-Steroid Dehydrogenase, 3 Beta- And Steroid Delta-Isomerase 1",Protein Coding,P14060,50,GC01P119507,7.63080930709839,https://www.genecards.org/cgi-bin/carddisp.pl?gene=HSD3B1
"Alexandrin,Daucosterol,Caproic Acid,Eleutheroside A,Sitogluside,Strumaroside,Î’-Sitosterol-Î’-D-Glucoside",LPL,Lipoprotein Lipase,Protein Coding,P06858,56,GC08P019901,10.4199180603027,https://www.genecards.org/cgi-bin/carddisp.pl?gene=LPL
"Alexandrin,Daucosterol,Caproic Acid,Eleutheroside A,Sitogluside,Strumaroside,Î’-Sitosterol-Î’-D-Glucoside",NFKB1,Nuclear Factor Kappa B Subunit 1,Protein Coding,P19838,60,GC04P102501,32.5322761535645,https://www.genecards.org/cgi-bin/carddisp.pl?gene=NFKB1
"Alexandrin,Daucosterol,Caproic Acid,Eleutheroside A,Sitogluside,Strumaroside,Î’-Sitosterol-Î’-D-Glucoside",NFKB2,Nuclear Factor Kappa B Subunit 2,Protein Coding,Q00653,59,GC10P102394,15.0553283691406,https://www.genecards.org/cgi-bin/carddisp.pl?gene=NFKB2
"Alexandrin,Daucosterol,Caproic Acid,Eleutheroside A,Sitogluside,Strumaroside,Î’-Sitosterol-Î’-D-Glucoside",NR3C1,Nuclear Receptor Subfamily 3 Group C Member 1,Protein Coding,P04150,56,GC05M143277,14.93212890625,https://www.genecards.org/cgi-bin/carddisp.pl?gene=NR3C1
"Alexandrin,Daucosterol,Caproic Acid,Eleutheroside A,Sitogluside,Strumaroside,Î’-Sitosterol-Î’-D-Glucoside",SLCO1B3,Solute Carrier Organic Anion Transporter Family Member 1B3,Protein Coding,Q9NPD5,52,GC12P020810,6.09020328521729,https://www.genecards.org/cgi-bin/carddisp.pl?gene=SLCO1B3
"Alexandrin,Daucosterol,Caproic Acid,Eleutheroside A,Sitogluside,Strumaroside,Î’-Sitosterol-Î’-D-Glucoside",TNF,Tumor Necrosis Factor,Protein Coding,P01375,58,GC06P104098,46.3773574829102,https://www.genecards.org/cgi-bin/carddisp.pl?gene=TNF
"Alexandrin,Daucosterol,Caproic Acid,Eleutheroside A,Sitogluside,Strumaroside,Î’-Sitosterol-Î’-D-Glucoside",VDR,Vitamin D Receptor,Protein Coding,P11473,57,GC12M047841,32.3287086486816,https://www.genecards.org/cgi-bin/carddisp.pl?gene=VDR
"Alexandrin,Daucosterol,Caproic Acid,Eleutheroside A,Sitogluside,Strumaroside,Î’-Sitosterol-Î’-D-Glucoside",YWHAE,Tyrosine 3-Monooxygenase/Tryptophan 5-Monooxygenase Activation Protein Epsilon,Protein Coding,P62258,56,GC17M013155,11.7506494522095,https://www.genecards.org/cgi-bin/carddisp.pl?gene=YWHAE
"Alexandrin,Daucosterol,Eleutheroside A",ANXA1,Annexin A1,Protein Coding,P04083,53,GC09P073151,20.0188007354736,https://www.genecards.org/cgi-bin/carddisp.pl?gene=ANXA1
"Alexandrin,Daucosterol,Eleutheroside A",ATP1A1,ATPase Na+/K+ Transporting Subunit Alpha 1,Protein Coding,P05023,57,GC01P116372,6.45294523239136,https://www.genecards.org/cgi-bin/carddisp.pl?gene=ATP1A1
"Alexandrin,Daucosterol,Eleutheroside A",CASP3,Caspase 3,Protein Coding,P42574,56,GC04M184627,39.0527992248535,https://www.genecards.org/cgi-bin/carddisp.pl?gene=CASP3
"Alexandrin,Daucosterol,Eleutheroside A",HSD3B1,"Hydroxy-Delta-5-Steroid Dehydrogenase, 3 Beta- And Steroid Delta-Isomerase 1",Protein Coding,P14060,50,GC01P119507,7.63080930709839,https://www.genecards.org/cgi-bin/carddisp.pl?gene=HSD3B1
"Alexandrin,Daucosterol,Eleutheroside A",LPL,Lipoprotein Lipase,Protein Coding,P06858,56,GC08P019901,10.4199180603027,https://www.genecards.org/cgi-bin/carddisp.pl?gene=LPL
"Alexandrin,Daucosterol,Eleutheroside A",NFKB1,Nuclear Factor Kappa B Subunit 1,Protein Coding,P19838,60,GC04P102501,32.5322761535645,https://www.genecards.org/cgi-bin/carddisp.pl?gene=NFKB1
"Alexandrin,Daucosterol,Eleutheroside A",NFKB2,Nuclear Factor Kappa B Subunit 2,Protein Coding,Q00653,59,GC10P102394,15.0553283691406,https://www.genecards.org/cgi-bin/carddisp.pl?gene=NFKB2
"Alexandrin,Daucosterol,Eleutheroside A",NR3C1,Nuclear Receptor Subfamily 3 Group C Member 1,Protein Coding,P04150,56,GC05M143277,14.93212890625,https://www.genecards.org/cgi-bin/carddisp.pl?gene=NR3C1
"Alexandrin,Daucosterol,Eleutheroside A",SLCO1B3,Solute Carrier Organic Anion Transporter Family Member 1B3,Protein Coding,Q9NPD5,52,GC12P020810,6.09020328521729,https://www.genecards.org/cgi-bin/carddisp.pl?gene=SLCO1B3
"Alexandrin,Daucosterol,Eleutheroside A",TNF,Tumor Necrosis Factor,Protein Coding,P01375,58,GC06P104098,46.3773574829102,https://www.genecards.org/cgi-bin/carddisp.pl?gene=TNF
"Alexandrin,Daucosterol,Eleutheroside A",VDR,Vitamin D Receptor,Protein Coding,P11473,57,GC12M047841,32.3287086486816,https://www.genecards.org/cgi-bin/carddisp.pl?gene=VDR
"Alexandrin,Daucosterol,Eleutheroside A",YWHAE,Tyrosine 3-Monooxygenase/Tryptophan 5-Monooxygenase Activation Protein Epsilon,Protein Coding,P62258,56,GC17M013155,11.7506494522095,https://www.genecards.org/cgi-bin/carddisp.pl?gene=YWHAE
Baicalin,ACTB,Actin Beta,Protein Coding,P60709,56,GC07M005527,14.5632743835449,https://www.genecards.org/cgi-bin/carddisp.pl?gene=ACTB
Baicalin,AHR,Aryl Hydrocarbon Receptor,Protein Coding,P35869,53,GC07P016916,14.643274307251,https://www.genecards.org/cgi-bin/carddisp.pl?gene=AHR
Baicalin,AKT1,AKT Serine/Threonine Kinase 1,Protein Coding,P31749,60,GC14M104769,96.9153213500977,https://www.genecards.org/cgi-bin/carddisp.pl?gene=AKT1
Baicalin,CA1,Carbonic Anhydrase 1,Protein Coding,P00915,53,GC08M085327,5.58863544464111,https://www.genecards.org/cgi-bin/carddisp.pl?gene=CA1
Baicalin,CA12,Carbonic Anhydrase 12,Protein Coding,O43570,54,GC15M063321,6.25046968460083,https://www.genecards.org/cgi-bin/carddisp.pl?gene=CA12
Baicalin,CA2,Carbonic Anhydrase 2,Protein Coding,P00918,58,GC08P085463,9.23837280273438,https://www.genecards.org/cgi-bin/carddisp.pl?gene=CA2
Baicalin,CA9,Carbonic Anhydrase 9,Protein Coding,Q16790,53,GC09P035673,24.8990211486816,https://www.genecards.org/cgi-bin/carddisp.pl?gene=CA9
Baicalin,CBR1,Carbonyl Reductase 1,Protein Coding,P16152,50,GC21P036069,6.99472618103027,https://www.genecards.org/cgi-bin/carddisp.pl?gene=CBR1
Baicalin,CDK6,Cyclin Dependent Kinase 6,Protein Coding,Q00534,58,GC07M092604,26.9286956787109,https://www.genecards.org/cgi-bin/carddisp.pl?gene=CDK6
Baicalin,CEBPB,CCAAT Enhancer Binding Protein Beta,Protein Coding,P17676,50,GC20P050190,15.4791526794434,https://www.genecards.org/cgi-bin/carddisp.pl?gene=CEBPB
Baicalin,COMT,Catechol-O-Methyltransferase,Protein Coding,P21964,58,GC22P019941,19.9283981323242,https://www.genecards.org/cgi-bin/carddisp.pl?gene=COMT
Baicalin,CSNK2A1,Casein Kinase 2 Alpha 1,Protein Coding,P68400,57,GC20M000472,17.9750366210938,https://www.genecards.org/cgi-bin/carddisp.pl?gene=CSNK2A1
Baicalin,CSNK2B,Casein Kinase 2 Beta,Protein Coding,P67870,55,GC06P104101,6.64913463592529,https://www.genecards.org/cgi-bin/carddisp.pl?gene=CSNK2B
Baicalin,CYP1B1,Cytochrome P450 Family 1 Subfamily B Member 1,Protein Coding,Q16678,55,GC02M038066,19.5185050964355,https://www.genecards.org/cgi-bin/carddisp.pl?gene=CYP1B1
Baicalin,DNMT1,DNA Methyltransferase 1,Protein Coding,P26358,59,GC19M010133,31.9013843536377,https://www.genecards.org/cgi-bin/carddisp.pl?gene=DNMT1
Baicalin,ESR1,Estrogen Receptor 1,Protein Coding,P03372,61,GC06P151656,68.4392929077148,https://www.genecards.org/cgi-bin/carddisp.pl?gene=ESR1
Baicalin,ESR2,Estrogen Receptor 2,Protein Coding,Q92731,56,GC14M064084,28.8057041168213,https://www.genecards.org/cgi-bin/carddisp.pl?gene=ESR2
Baicalin,ESRRA,Estrogen Related Receptor Alpha,Protein Coding,P11474,53,GC11P064305,11.0208530426025,https://www.genecards.org/cgi-bin/carddisp.pl?gene=ESRRA
Baicalin,GPER1,G Protein-Coupled Estrogen Receptor 1,Protein Coding,Q99527,47,GC07P004023,18.2206993103027,https://www.genecards.org/cgi-bin/carddisp.pl?gene=GPER1
Baicalin,HSP90AA1,Heat Shock Protein 90 Alpha Family Class A Member 1,Protein Coding,P07900,58,GC14M102080,32.8235931396484,https://www.genecards.org/cgi-bin/carddisp.pl?gene=HSP90AA1
Baicalin,JAK1,Janus Kinase 1,Protein Coding,P23458,61,GC01M064833,19.7155246734619,https://www.genecards.org/cgi-bin/carddisp.pl?gene=JAK1
Baicalin,NCOA2,Nuclear Receptor Coactivator 2,Protein Coding,Q15596,52,GC08M070109,10.3844633102417,https://www.genecards.org/cgi-bin/carddisp.pl?gene=NCOA2
Baicalin,NQO2,N-Ribosyldihydronicotinamide:Quinone Reductase 2,Protein Coding,P16083,52,GC06P003506,21.6098461151123,https://www.genecards.org/cgi-bin/carddisp.pl?gene=NQO2
Baicalin,NR1I2,Nuclear Receptor Subfamily 1 Group I Member 2,Protein Coding,O75469,50,GC03P119780,10.6707277297974,https://www.genecards.org/cgi-bin/carddisp.pl?gene=NR1I2
Baicalin,PIK3CG,"Phosphatidylinositol-4,5-Bisphosphate 3-Kinase Catalytic Subunit Gamma",Protein Coding,P48736,56,GC07P106865,40.1778717041016,https://www.genecards.org/cgi-bin/carddisp.pl?gene=PIK3CG
Baicalin,PIM1,"Pim-1 Proto-Oncogene, Serine/Threonine Kinase",Protein Coding,P11309,56,GC06P104249,10.9554977416992,https://www.genecards.org/cgi-bin/carddisp.pl?gene=PIM1
Baicalin,PRKACA,Protein Kinase CAMP-Activated Catalytic Subunit Alpha,Protein Coding,P17612,59,GC19M015540,16.1129760742188,https://www.genecards.org/cgi-bin/carddisp.pl?gene=PRKACA
Baicalin,PRKCA,Protein Kinase C Alpha,Protein Coding,P17252,57,GC17P066302,23.8082218170166,https://www.genecards.org/cgi-bin/carddisp.pl?gene=PRKCA
Baicalin,PRKCB,Protein Kinase C Beta,Protein Coding,P05771,55,GC16P046737,9.89596652984619,https://www.genecards.org/cgi-bin/carddisp.pl?gene=PRKCB
Baicalin,PTK2B,Protein Tyrosine Kinase 2 Beta,Protein Coding,Q14289,56,GC08P027311,15.6839504241943,https://www.genecards.org/cgi-bin/carddisp.pl?gene=PTK2B
Baicalin,SHBG,Sex Hormone Binding Globulin,Protein Coding,P04278,48,GC17P007613,14.5572338104248,https://www.genecards.org/cgi-bin/carddisp.pl?gene=SHBG
Baicalin,SYK,Spleen Associated Tyrosine Kinase,Protein Coding,P43405,57,GC09P094897,16.8969573974609,https://www.genecards.org/cgi-bin/carddisp.pl?gene=SYK
Baicalin,TOP2A,DNA Topoisomerase II Alpha,Protein Coding,P11388,57,GC17M040388,33.3792877197266,https://www.genecards.org/cgi-bin/carddisp.pl?gene=TOP2A
Danshenol B,ANXA1,Annexin A1,Protein Coding,P04083,53,GC09P073151,20.0188007354736,https://www.genecards.org/cgi-bin/carddisp.pl?gene=ANXA1
Danshenol B,HSD3B1,"Hydroxy-Delta-5-Steroid Dehydrogenase, 3 Beta- And Steroid Delta-Isomerase 1",Protein Coding,P14060,50,GC01P119507,7.63080930709839,https://www.genecards.org/cgi-bin/carddisp.pl?gene=HSD3B1
Danshenol B,NR3C1,Nuclear Receptor Subfamily 3 Group C Member 1,Protein Coding,P04150,56,GC05M143277,14.93212890625,https://www.genecards.org/cgi-bin/carddisp.pl?gene=NR3C1
Danshenol B,SMO,"Smoothened, Frizzled Class Receptor",Protein Coding,Q99835,58,GC07P133426,14.8863067626953,https://www.genecards.org/cgi-bin/carddisp.pl?gene=SMO
Ferruginol,ALOX5,Arachidonate 5-Lipoxygenase,Protein Coding,P09917,54,GC10P045374,16.8650226593018,https://www.genecards.org/cgi-bin/carddisp.pl?gene=ALOX5
Ferruginol,ALOX5,Arachidonate 5-Lipoxygenase,Protein Coding,P09917,54,GC10P045374,16.8650226593018,https://www.genecards.org/cgi-bin/carddisp.pl?gene=ALOX5
Ferruginol,NR1I2,Nuclear Receptor Subfamily 1 Group I Member 2,Protein Coding,O75469,50,GC03P119780,10.6707277297974,https://www.genecards.org/cgi-bin/carddisp.pl?gene=NR1I2
Ferruginol,NR1I2,Nuclear Receptor Subfamily 1 Group I Member 2,Protein Coding,O75469,50,GC03P119780,10.6707277297974,https://www.genecards.org/cgi-bin/carddisp.pl?gene=NR1I2
Ferruginol,PPP2CA,Protein Phosphatase 2 Catalytic Subunit Alpha,Protein Coding,P67775,56,GC05M134194,10.2216911315918,https://www.genecards.org/cgi-bin/carddisp.pl?gene=PPP2CA
Ferruginol,PPP2CA,Protein Phosphatase 2 Catalytic Subunit Alpha,Protein Coding,P67775,56,GC05M134194,10.2216911315918,https://www.genecards.org/cgi-bin/carddisp.pl?gene=PPP2CA
Ferruginol,PRKCA,Protein Kinase C Alpha,Protein Coding,P17252,57,GC17P066302,23.8082218170166,https://www.genecards.org/cgi-bin/carddisp.pl?gene=PRKCA
Ferruginol,PRKCA,Protein Kinase C Alpha,Protein Coding,P17252,57,GC17P066302,23.8082218170166,https://www.genecards.org/cgi-bin/carddisp.pl?gene=PRKCA
Ferruginol,PRKCB,Protein Kinase C Beta,Protein Coding,P05771,55,GC16P046737,9.89596652984619,https://www.genecards.org/cgi-bin/carddisp.pl?gene=PRKCB
Ferruginol,PRKCB,Protein Kinase C Beta,Protein Coding,P05771,55,GC16P046737,9.89596652984619,https://www.genecards.org/cgi-bin/carddisp.pl?gene=PRKCB
Ferruginol,SEC14L2,SEC14 Like Lipid Binding 2,Protein Coding,O76054,46,GC22P030396,6.69721126556396,https://www.genecards.org/cgi-bin/carddisp.pl?gene=SEC14L2
Ferruginol,SEC14L2,SEC14 Like Lipid Binding 2,Protein Coding,O76054,46,GC22P030396,6.69721126556396,https://www.genecards.org/cgi-bin/carddisp.pl?gene=SEC14L2
Hesperetic Acid,MIF,Macrophage Migration Inhibitory Factor,Protein Coding,P14174,54,GC22P023894,17.299617767334,https://www.genecards.org/cgi-bin/carddisp.pl?gene=MIF
Hesperetic Acid,SHBG,Sex Hormone Binding Globulin,Protein Coding,P04278,48,GC17P007613,14.5572338104248,https://www.genecards.org/cgi-bin/carddisp.pl?gene=SHBG
Miltionone Ii,NR3C1,Nuclear Receptor Subfamily 3 Group C Member 1,Protein Coding,P04150,56,GC05M143277,14.93212890625,https://www.genecards.org/cgi-bin/carddisp.pl?gene=NR3C1
Miltipolone,ALOX5,Arachidonate 5-Lipoxygenase,Protein Coding,P09917,54,GC10P045374,16.8650226593018,https://www.genecards.org/cgi-bin/carddisp.pl?gene=ALOX5
Miltipolone,NR1I2,Nuclear Receptor Subfamily 1 Group I Member 2,Protein Coding,O75469,50,GC03P119780,10.6707277297974,https://www.genecards.org/cgi-bin/carddisp.pl?gene=NR1I2
Miltipolone,PPP2CA,Protein Phosphatase 2 Catalytic Subunit Alpha,Protein Coding,P67775,56,GC05M134194,10.2216911315918,https://www.genecards.org/cgi-bin/carddisp.pl?gene=PPP2CA
Miltipolone,PRKCA,Protein Kinase C Alpha,Protein Coding,P17252,57,GC17P066302,23.8082218170166,https://www.genecards.org/cgi-bin/carddisp.pl?gene=PRKCA
Miltipolone,PRKCB,Protein Kinase C Beta,Protein Coding,P05771,55,GC16P046737,9.89596652984619,https://www.genecards.org/cgi-bin/carddisp.pl?gene=PRKCB
Miltipolone,SEC14L2,SEC14 Like Lipid Binding 2,Protein Coding,O76054,46,GC22P030396,6.69721126556396,https://www.genecards.org/cgi-bin/carddisp.pl?gene=SEC14L2
Miltirone,BGLAP,Bone Gamma-Carboxyglutamate Protein,Protein Coding,P02818,46,GC01P156242,11.1950721740723,https://www.genecards.org/cgi-bin/carddisp.pl?gene=BGLAP
Neocryptotanshinone Ii,ALOX5,Arachidonate 5-Lipoxygenase,Protein Coding,P09917,54,GC10P045374,16.8650226593018,https://www.genecards.org/cgi-bin/carddisp.pl?gene=ALOX5
Neocryptotanshinone Ii,NR1I2,Nuclear Receptor Subfamily 1 Group I Member 2,Protein Coding,O75469,50,GC03P119780,10.6707277297974,https://www.genecards.org/cgi-bin/carddisp.pl?gene=NR1I2
Neocryptotanshinone Ii,PTGS1,Prostaglandin-Endoperoxide Synthase 1,Protein Coding,P23219,53,GC09P122370,22.4558048248291,https://www.genecards.org/cgi-bin/carddisp.pl?gene=PTGS1
Oleanolic Acid,ADH1C,"Alcohol Dehydrogenase 1C (Class I), Gamma Polypeptide",Protein Coding,P00326,47,GC04M099336,12.5142612457275,https://www.genecards.org/cgi-bin/carddisp.pl?gene=ADH1C
Oleanolic Acid,AKR1C1,Aldo-Keto Reductase Family 1 Member C1,Protein Coding,Q04828,50,GC10P004963,10.7294769287109,https://www.genecards.org/cgi-bin/carddisp.pl?gene=AKR1C1
Oleanolic Acid,AKR1C2,Aldo-Keto Reductase Family 1 Member C2,Protein Coding,P52895,52,GC10M004987,7.22926187515259,https://www.genecards.org/cgi-bin/carddisp.pl?gene=AKR1C2
Oleanolic Acid,AR,Androgen Receptor,Protein Coding,P10275,58,GC0XP067544,64.6021728515625,https://www.genecards.org/cgi-bin/carddisp.pl?gene=AR
Oleanolic Acid,CES1,Carboxylesterase 1,Protein Coding,P23141,55,GC16M055836,5.33168029785156,https://www.genecards.org/cgi-bin/carddisp.pl?gene=CES1
Oleanolic Acid,COX5A,Cytochrome C Oxidase Subunit 5A,Protein Coding,P20674,50,GC15M074919,9.33370590209961,https://www.genecards.org/cgi-bin/carddisp.pl?gene=COX5A
Oleanolic Acid,ESR1,Estrogen Receptor 1,Protein Coding,P03372,61,GC06P151656,68.4392929077148,https://www.genecards.org/cgi-bin/carddisp.pl?gene=ESR1
Oleanolic Acid,ESR2,Estrogen Receptor 2,Protein Coding,Q92731,56,GC14M064084,28.8057041168213,https://www.genecards.org/cgi-bin/carddisp.pl?gene=ESR2
Oleanolic Acid,ESRRG,Estrogen Related Receptor Gamma,Protein Coding,P62508,50,GC01M216503,7.81692361831665,https://www.genecards.org/cgi-bin/carddisp.pl?gene=ESRRG
Oleanolic Acid,GSTP1,Glutathione S-Transferase Pi 1,Protein Coding,P09211,57,GC11P067583,38.8755569458008,https://www.genecards.org/cgi-bin/carddisp.pl?gene=GSTP1
Oleanolic Acid,HOXA10,Homeobox A10,Protein Coding,P31260,47,GC07M027812,6.9095344543457,https://www.genecards.org/cgi-bin/carddisp.pl?gene=HOXA10
Oleanolic Acid,HSD17B1,Hydroxysteroid 17-Beta Dehydrogenase 1,Protein Coding,P14061,48,GC17P078078,15.5228900909424,https://www.genecards.org/cgi-bin/carddisp.pl?gene=HSD17B1
Oleanolic Acid,MT-CO1,Mitochondrially Encoded Cytochrome C Oxidase I,Protein Coding,P00395,38,GCMTP005906,20.2155170440674,https://www.genecards.org/cgi-bin/carddisp.pl?gene=MT-CO1
Oleanolic Acid,NCOA2,Nuclear Receptor Coactivator 2,Protein Coding,Q15596,52,GC08M070109,10.3844633102417,https://www.genecards.org/cgi-bin/carddisp.pl?gene=NCOA2
Oleanolic Acid,NFKB1,Nuclear Factor Kappa B Subunit 1,Protein Coding,P19838,60,GC04P102501,32.5322761535645,https://www.genecards.org/cgi-bin/carddisp.pl?gene=NFKB1
Oleanolic Acid,NFKB2,Nuclear Factor Kappa B Subunit 2,Protein Coding,Q00653,59,GC10P102394,15.0553283691406,https://www.genecards.org/cgi-bin/carddisp.pl?gene=NFKB2
Oleanolic Acid,NR1H4,Nuclear Receptor Subfamily 1 Group H Member 4,Protein Coding,Q96RI1,54,GC12P100473,5.04072093963623,https://www.genecards.org/cgi-bin/carddisp.pl?gene=NR1H4
Oleanolic Acid,NR1I2,Nuclear Receptor Subfamily 1 Group I Member 2,Protein Coding,O75469,50,GC03P119780,10.6707277297974,https://www.genecards.org/cgi-bin/carddisp.pl?gene=NR1I2
Oleanolic Acid,NR3C1,Nuclear Receptor Subfamily 3 Group C Member 1,Protein Coding,P04150,56,GC05M143277,14.93212890625,https://www.genecards.org/cgi-bin/carddisp.pl?gene=NR3C1
Oleanolic Acid,NR3C2,Nuclear Receptor Subfamily 3 Group C Member 2,Protein Coding,P08235,53,GC04M148078,7.7920708656311,https://www.genecards.org/cgi-bin/carddisp.pl?gene=NR3C2
Oleanolic Acid,PGR,Progesterone Receptor,Protein Coding,P06401,56,GC11M109955,29.506965637207,https://www.genecards.org/cgi-bin/carddisp.pl?gene=PGR
Oleanolic Acid,PPARA,Peroxisome Proliferator Activated Receptor Alpha,Protein Coding,Q07869,51,GC22P046150,14.4844417572021,https://www.genecards.org/cgi-bin/carddisp.pl?gene=PPARA
Oleanolic Acid,PRLR,Prolactin Receptor,Protein Coding,P16471,56,GC05M035048,12.5990953445435,https://www.genecards.org/cgi-bin/carddisp.pl?gene=PRLR
Oleanolic Acid,RORA,RAR Related Orphan Receptor A,Protein Coding,P35398,55,GC15M060488,10.2709007263184,https://www.genecards.org/cgi-bin/carddisp.pl?gene=RORA
Oleanolic Acid,SHBG,Sex Hormone Binding Globulin,Protein Coding,P04278,48,GC17P007613,14.5572338104248,https://www.genecards.org/cgi-bin/carddisp.pl?gene=SHBG
Oleanolic Acid,VDR,Vitamin D Receptor,Protein Coding,P11473,57,GC12M047841,32.3287086486816,https://www.genecards.org/cgi-bin/carddisp.pl?gene=VDR
Oleoyl Danshenxinkun A,ANXA1,Annexin A1,Protein Coding,P04083,53,GC09P073151,20.0188007354736,https://www.genecards.org/cgi-bin/carddisp.pl?gene=ANXA1
Oleoyl Danshenxinkun A,HSD3B1,"Hydroxy-Delta-5-Steroid Dehydrogenase, 3 Beta- And Steroid Delta-Isomerase 1",Protein Coding,P14060,50,GC01P119507,7.63080930709839,https://www.genecards.org/cgi-bin/carddisp.pl?gene=HSD3B1
Oleoyl Danshenxinkun A,NR3C1,Nuclear Receptor Subfamily 3 Group C Member 1,Protein Coding,P04150,56,GC05M143277,14.93212890625,https://www.genecards.org/cgi-bin/carddisp.pl?gene=NR3C1
Oleoyl Neocryptotanshinone,ANXA1,Annexin A1,Protein Coding,P04083,53,GC09P073151,20.0188007354736,https://www.genecards.org/cgi-bin/carddisp.pl?gene=ANXA1
Oleoyl Neocryptotanshinone,HMGCR,3-Hydroxy-3-Methylglutaryl-CoA Reductase,Protein Coding,P04035,53,GC05P075336,11.0866441726685,https://www.genecards.org/cgi-bin/carddisp.pl?gene=HMGCR
Oleoyl Neocryptotanshinone,HSD3B1,"Hydroxy-Delta-5-Steroid Dehydrogenase, 3 Beta- And Steroid Delta-Isomerase 1",Protein Coding,P14060,50,GC01P119507,7.63080930709839,https://www.genecards.org/cgi-bin/carddisp.pl?gene=HSD3B1
Oleoyl Neocryptotanshinone,IL1B,Interleukin 1 Beta,Protein Coding,P01584,54,GC02M112829,66.9414215087891,https://www.genecards.org/cgi-bin/carddisp.pl?gene=IL1B
Oleoyl Neocryptotanshinone,ITGAL,Integrin Subunit Alpha L,Protein Coding,P20701,53,GC16P030472,6.79629421234131,https://www.genecards.org/cgi-bin/carddisp.pl?gene=ITGAL
Oleoyl Neocryptotanshinone,ITGB2,Integrin Subunit Beta 2,Protein Coding,P05107,57,GC21M044885,5.77096652984619,https://www.genecards.org/cgi-bin/carddisp.pl?gene=ITGB2
Oleoyl Neocryptotanshinone,NR3C1,Nuclear Receptor Subfamily 3 Group C Member 1,Protein Coding,P04150,56,GC05M143277,14.93212890625,https://www.genecards.org/cgi-bin/carddisp.pl?gene=NR3C1
Oleoyl Neocryptotanshinone,NR3C2,Nuclear Receptor Subfamily 3 Group C Member 2,Protein Coding,P08235,53,GC04M148078,7.7920708656311,https://www.genecards.org/cgi-bin/carddisp.pl?gene=NR3C2
Paramiltioic Acid,ATP1A1,ATPase Na+/K+ Transporting Subunit Alpha 1,Protein Coding,P05023,57,GC01P116372,6.45294523239136,https://www.genecards.org/cgi-bin/carddisp.pl?gene=ATP1A1
Paramiltioic Acid,NR3C1,Nuclear Receptor Subfamily 3 Group C Member 1,Protein Coding,P04150,56,GC05M143277,14.93212890625,https://www.genecards.org/cgi-bin/carddisp.pl?gene=NR3C1
Protocatechuic Aldehyde,LCN2,Lipocalin 2,Protein Coding,P80188,52,GC09P128149,16.4414939880371,https://www.genecards.org/cgi-bin/carddisp.pl?gene=LCN2
Protocatechuic Aldehyde,MIF,Macrophage Migration Inhibitory Factor,Protein Coding,P14174,54,GC22P023894,17.299617767334,https://www.genecards.org/cgi-bin/carddisp.pl?gene=MIF
Rosmarinic Acid Methyl Ester,ABCC5,ATP Binding Cassette Subfamily C Member 5,Protein Coding,O15440,50,GC03M183919,6.92942142486572,https://www.genecards.org/cgi-bin/carddisp.pl?gene=ABCC5
Rosmarinic Acid Methyl Ester,CBR1,Carbonyl Reductase 1,Protein Coding,P16152,50,GC21P036069,6.99472618103027,https://www.genecards.org/cgi-bin/carddisp.pl?gene=CBR1
Rosmarinic Acid Methyl Ester,GSTP1,Glutathione S-Transferase Pi 1,Protein Coding,P09211,57,GC11P067583,38.8755569458008,https://www.genecards.org/cgi-bin/carddisp.pl?gene=GSTP1
Rosmarinic Acid Methyl Ester,PPARG,Peroxisome Proliferator Activated Receptor Gamma,Protein Coding,P37231,60,GC03P012287,47.0029525756836,https://www.genecards.org/cgi-bin/carddisp.pl?gene=PPARG
Rosmarinic Acid Methyl Ester,VDR,Vitamin D Receptor,Protein Coding,P11473,57,GC12M047841,32.3287086486816,https://www.genecards.org/cgi-bin/carddisp.pl?gene=VDR
Salvianolic Acid E,MIF,Macrophage Migration Inhibitory Factor,Protein Coding,P14174,54,GC22P023894,17.299617767334,https://www.genecards.org/cgi-bin/carddisp.pl?gene=MIF
Salviol,ALOX5,Arachidonate 5-Lipoxygenase,Protein Coding,P09917,54,GC10P045374,16.8650226593018,https://www.genecards.org/cgi-bin/carddisp.pl?gene=ALOX5
Salviol,BECN1,Beclin 1,Protein Coding,Q14457,53,GC17M042810,18.3249607086182,https://www.genecards.org/cgi-bin/carddisp.pl?gene=BECN1
Salviol,ESR1,Estrogen Receptor 1,Protein Coding,P03372,61,GC06P151656,68.4392929077148,https://www.genecards.org/cgi-bin/carddisp.pl?gene=ESR1
Salviol,ESR2,Estrogen Receptor 2,Protein Coding,Q92731,56,GC14M064084,28.8057041168213,https://www.genecards.org/cgi-bin/carddisp.pl?gene=ESR2
Salviol,ESRRG,Estrogen Related Receptor Gamma,Protein Coding,P62508,50,GC01M216503,7.81692361831665,https://www.genecards.org/cgi-bin/carddisp.pl?gene=ESRRG
Salviol,GPER1,G Protein-Coupled Estrogen Receptor 1,Protein Coding,Q99527,47,GC07P004023,18.2206993103027,https://www.genecards.org/cgi-bin/carddisp.pl?gene=GPER1
Salviol,HSD17B2,Hydroxysteroid 17-Beta Dehydrogenase 2,Protein Coding,P37059,49,GC16P082068,8.13992309570313,https://www.genecards.org/cgi-bin/carddisp.pl?gene=HSD17B2
Salviol,NCOA2,Nuclear Receptor Coactivator 2,Protein Coding,Q15596,52,GC08M070109,10.3844633102417,https://www.genecards.org/cgi-bin/carddisp.pl?gene=NCOA2
Salviol,NR1I2,Nuclear Receptor Subfamily 1 Group I Member 2,Protein Coding,O75469,50,GC03P119780,10.6707277297974,https://www.genecards.org/cgi-bin/carddisp.pl?gene=NR1I2
Salviol,PPP2CA,Protein Phosphatase 2 Catalytic Subunit Alpha,Protein Coding,P67775,56,GC05M134194,10.2216911315918,https://www.genecards.org/cgi-bin/carddisp.pl?gene=PPP2CA
Salviol,PRKCA,Protein Kinase C Alpha,Protein Coding,P17252,57,GC17P066302,23.8082218170166,https://www.genecards.org/cgi-bin/carddisp.pl?gene=PRKCA
Salviol,PRKCB,Protein Kinase C Beta,Protein Coding,P05771,55,GC16P046737,9.89596652984619,https://www.genecards.org/cgi-bin/carddisp.pl?gene=PRKCB
Salviol,SEC14L2,SEC14 Like Lipid Binding 2,Protein Coding,O76054,46,GC22P030396,6.69721126556396,https://www.genecards.org/cgi-bin/carddisp.pl?gene=SEC14L2
Salviol,SHBG,Sex Hormone Binding Globulin,Protein Coding,P04278,48,GC17P007613,14.5572338104248,https://www.genecards.org/cgi-bin/carddisp.pl?gene=SHBG
"Sitosterol,Î’-Sitosterol",AKR1C1,Aldo-Keto Reductase Family 1 Member C1,Protein Coding,Q04828,50,GC10P004963,10.7294769287109,https://www.genecards.org/cgi-bin/carddisp.pl?gene=AKR1C1
"Sitosterol,Î’-Sitosterol",AKR1C2,Aldo-Keto Reductase Family 1 Member C2,Protein Coding,P52895,52,GC10M004987,7.22926187515259,https://www.genecards.org/cgi-bin/carddisp.pl?gene=AKR1C2
"Sitosterol,Î’-Sitosterol",AR,Androgen Receptor,Protein Coding,P10275,58,GC0XP067544,64.6021728515625,https://www.genecards.org/cgi-bin/carddisp.pl?gene=AR
"Sitosterol,Î’-Sitosterol",ESR1,Estrogen Receptor 1,Protein Coding,P03372,61,GC06P151656,68.4392929077148,https://www.genecards.org/cgi-bin/carddisp.pl?gene=ESR1
"Sitosterol,Î’-Sitosterol",ESR2,Estrogen Receptor 2,Protein Coding,Q92731,56,GC14M064084,28.8057041168213,https://www.genecards.org/cgi-bin/carddisp.pl?gene=ESR2
"Sitosterol,Î’-Sitosterol",HSD17B1,Hydroxysteroid 17-Beta Dehydrogenase 1,Protein Coding,P14061,48,GC17P078078,15.5228900909424,https://www.genecards.org/cgi-bin/carddisp.pl?gene=HSD17B1
"Sitosterol,Î’-Sitosterol",NCOA2,Nuclear Receptor Coactivator 2,Protein Coding,Q15596,52,GC08M070109,10.3844633102417,https://www.genecards.org/cgi-bin/carddisp.pl?gene=NCOA2
"Sitosterol,Î’-Sitosterol",NR1I2,Nuclear Receptor Subfamily 1 Group I Member 2,Protein Coding,O75469,50,GC03P119780,10.6707277297974,https://www.genecards.org/cgi-bin/carddisp.pl?gene=NR1I2
"Sitosterol,Î’-Sitosterol",NR3C1,Nuclear Receptor Subfamily 3 Group C Member 1,Protein Coding,P04150,56,GC05M143277,14.93212890625,https://www.genecards.org/cgi-bin/carddisp.pl?gene=NR3C1
"Sitosterol,Î’-Sitosterol",NR3C2,Nuclear Receptor Subfamily 3 Group C Member 2,Protein Coding,P08235,53,GC04M148078,7.7920708656311,https://www.genecards.org/cgi-bin/carddisp.pl?gene=NR3C2
"Sitosterol,Î’-Sitosterol",PGR,Progesterone Receptor,Protein Coding,P06401,56,GC11M109955,29.506965637207,https://www.genecards.org/cgi-bin/carddisp.pl?gene=PGR
"Sitosterol,Î’-Sitosterol",PPARA,Peroxisome Proliferator Activated Receptor Alpha,Protein Coding,Q07869,51,GC22P046150,14.4844417572021,https://www.genecards.org/cgi-bin/carddisp.pl?gene=PPARA
"Sitosterol,Î’-Sitosterol",RORA,RAR Related Orphan Receptor A,Protein Coding,P35398,55,GC15M060488,10.2709007263184,https://www.genecards.org/cgi-bin/carddisp.pl?gene=RORA
"Sitosterol,Î’-Sitosterol",VDR,Vitamin D Receptor,Protein Coding,P11473,57,GC12M047841,32.3287086486816,https://www.genecards.org/cgi-bin/carddisp.pl?gene=VDR
Stigmasterol,AKR1C1,Aldo-Keto Reductase Family 1 Member C1,Protein Coding,Q04828,50,GC10P004963,10.7294769287109,https://www.genecards.org/cgi-bin/carddisp.pl?gene=AKR1C1
Stigmasterol,AKR1C2,Aldo-Keto Reductase Family 1 Member C2,Protein Coding,P52895,52,GC10M004987,7.22926187515259,https://www.genecards.org/cgi-bin/carddisp.pl?gene=AKR1C2
Stigmasterol,AR,Androgen Receptor,Protein Coding,P10275,58,GC0XP067544,64.6021728515625,https://www.genecards.org/cgi-bin/carddisp.pl?gene=AR
Stigmasterol,ESR1,Estrogen Receptor 1,Protein Coding,P03372,61,GC06P151656,68.4392929077148,https://www.genecards.org/cgi-bin/carddisp.pl?gene=ESR1
Stigmasterol,ESR2,Estrogen Receptor 2,Protein Coding,Q92731,56,GC14M064084,28.8057041168213,https://www.genecards.org/cgi-bin/carddisp.pl?gene=ESR2
Stigmasterol,HSD17B1,Hydroxysteroid 17-Beta Dehydrogenase 1,Protein Coding,P14061,48,GC17P078078,15.5228900909424,https://www.genecards.org/cgi-bin/carddisp.pl?gene=HSD17B1
Stigmasterol,NCOA2,Nuclear Receptor Coactivator 2,Protein Coding,Q15596,52,GC08M070109,10.3844633102417,https://www.genecards.org/cgi-bin/carddisp.pl?gene=NCOA2
Stigmasterol,NR1I2,Nuclear Receptor Subfamily 1 Group I Member 2,Protein Coding,O75469,50,GC03P119780,10.6707277297974,https://www.genecards.org/cgi-bin/carddisp.pl?gene=NR1I2
Stigmasterol,NR3C1,Nuclear Receptor Subfamily 3 Group C Member 1,Protein Coding,P04150,56,GC05M143277,14.93212890625,https://www.genecards.org/cgi-bin/carddisp.pl?gene=NR3C1
Stigmasterol,NR3C2,Nuclear Receptor Subfamily 3 Group C Member 2,Protein Coding,P08235,53,GC04M148078,7.7920708656311,https://www.genecards.org/cgi-bin/carddisp.pl?gene=NR3C2
Stigmasterol,PGR,Progesterone Receptor,Protein Coding,P06401,56,GC11M109955,29.506965637207,https://www.genecards.org/cgi-bin/carddisp.pl?gene=PGR
Stigmasterol,PPARA,Peroxisome Proliferator Activated Receptor Alpha,Protein Coding,Q07869,51,GC22P046150,14.4844417572021,https://www.genecards.org/cgi-bin/carddisp.pl?gene=PPARA
Stigmasterol,RORA,RAR Related Orphan Receptor A,Protein Coding,P35398,55,GC15M060488,10.2709007263184,https://www.genecards.org/cgi-bin/carddisp.pl?gene=RORA
Stigmasterol,VDR,Vitamin D Receptor,Protein Coding,P11473,57,GC12M047841,32.3287086486816,https://www.genecards.org/cgi-bin/carddisp.pl?gene=VDR
Succinic Acid,ALAD,Aminolevulinate Dehydratase,Protein Coding,P13716,53,GC09M113386,5.41246175765991,https://www.genecards.org/cgi-bin/carddisp.pl?gene=ALAD
Succinic Acid,ASPH,Aspartate Beta-Hydroxylase,Protein Coding,Q12797,49,GC08M061500,5.77890491485596,https://www.genecards.org/cgi-bin/carddisp.pl?gene=ASPH
Succinic Acid,HBB,Hemoglobin Subunit Beta,Protein Coding,P68871,52,GC11M008309,6.43831968307495,https://www.genecards.org/cgi-bin/carddisp.pl?gene=HBB
Succinic Acid,SDHA,Succinate Dehydrogenase Complex Flavoprotein Subunit A,Protein Coding,P31040,55,GC05P000220,52.865909576416,https://www.genecards.org/cgi-bin/carddisp.pl?gene=SDHA
Succinic Acid,SDHB,Succinate Dehydrogenase Complex Iron Sulfur Subunit B,Protein Coding,P21912,55,GC01M018664,65.7769393920898,https://www.genecards.org/cgi-bin/carddisp.pl?gene=SDHB
Succinic Acid,SDHC,Succinate Dehydrogenase Complex Subunit C,Protein Coding,Q99643,50,GC01P161314,45.5538635253906,https://www.genecards.org/cgi-bin/carddisp.pl?gene=SDHC
Succinic Acid,SDHD,Succinate Dehydrogenase Complex Subunit D,Protein Coding,O14521,52,GC11P112156,73.1946563720703,https://www.genecards.org/cgi-bin/carddisp.pl?gene=SDHD
Sugiol,ALOX5,Arachidonate 5-Lipoxygenase,Protein Coding,P09917,54,GC10P045374,16.8650226593018,https://www.genecards.org/cgi-bin/carddisp.pl?gene=ALOX5
Sugiol,AR,Androgen Receptor,Protein Coding,P10275,58,GC0XP067544,64.6021728515625,https://www.genecards.org/cgi-bin/carddisp.pl?gene=AR
Sugiol,CYP19A1,Cytochrome P450 Family 19 Subfamily A Member 1,Protein Coding,P11511,56,GC15M051208,27.2315311431885,https://www.genecards.org/cgi-bin/carddisp.pl?gene=CYP19A1
Sugiol,ESR1,Estrogen Receptor 1,Protein Coding,P03372,61,GC06P151656,68.4392929077148,https://www.genecards.org/cgi-bin/carddisp.pl?gene=ESR1
Sugiol,ESR2,Estrogen Receptor 2,Protein Coding,Q92731,56,GC14M064084,28.8057041168213,https://www.genecards.org/cgi-bin/carddisp.pl?gene=ESR2
Sugiol,NR1I2,Nuclear Receptor Subfamily 1 Group I Member 2,Protein Coding,O75469,50,GC03P119780,10.6707277297974,https://www.genecards.org/cgi-bin/carddisp.pl?gene=NR1I2
Sugiol,PPP2CA,Protein Phosphatase 2 Catalytic Subunit Alpha,Protein Coding,P67775,56,GC05M134194,10.2216911315918,https://www.genecards.org/cgi-bin/carddisp.pl?gene=PPP2CA
Sugiol,PRKCA,Protein Kinase C Alpha,Protein Coding,P17252,57,GC17P066302,23.8082218170166,https://www.genecards.org/cgi-bin/carddisp.pl?gene=PRKCA
Sugiol,PRKCB,Protein Kinase C Beta,Protein Coding,P05771,55,GC16P046737,9.89596652984619,https://www.genecards.org/cgi-bin/carddisp.pl?gene=PRKCB
Sugiol,SEC14L2,SEC14 Like Lipid Binding 2,Protein Coding,O76054,46,GC22P030396,6.69721126556396,https://www.genecards.org/cgi-bin/carddisp.pl?gene=SEC14L2
Sugiol,SHBG,Sex Hormone Binding Globulin,Protein Coding,P04278,48,GC17P007613,14.5572338104248,https://www.genecards.org/cgi-bin/carddisp.pl?gene=SHBG
Tanshinaldehyde,PIK3CA,"Phosphatidylinositol-4,5-Bisphosphate 3-Kinase Catalytic Subunit Alpha",Protein Coding,P42336,59,GC03P179148,137.602508544922,https://www.genecards.org/cgi-bin/carddisp.pl?gene=PIK3CA
Tanshinaldehyde,PIK3CG,"Phosphatidylinositol-4,5-Bisphosphate 3-Kinase Catalytic Subunit Gamma",Protein Coding,P48736,56,GC07P106865,40.1778717041016,https://www.genecards.org/cgi-bin/carddisp.pl?gene=PIK3CG
Tanshinaldehyde,PIK3R1,Phosphoinositide-3-Kinase Regulatory Subunit 1,Protein Coding,P27986,58,GC05P068215,42.8622970581055,https://www.genecards.org/cgi-bin/carddisp.pl?gene=PIK3R1
Tanshinaldehyde,PLK1,Polo Like Kinase 1,Protein Coding,P53350,58,GC16P046733,27.0096015930176,https://www.genecards.org/cgi-bin/carddisp.pl?gene=PLK1
Tigogenin,AR,Androgen Receptor,Protein Coding,P10275,58,GC0XP067544,64.6021728515625,https://www.genecards.org/cgi-bin/carddisp.pl?gene=AR
Ursolic Acid,ADH1C,"Alcohol Dehydrogenase 1C (Class I), Gamma Polypeptide",Protein Coding,P00326,47,GC04M099336,12.5142612457275,https://www.genecards.org/cgi-bin/carddisp.pl?gene=ADH1C
Ursolic Acid,AKR1C1,Aldo-Keto Reductase Family 1 Member C1,Protein Coding,Q04828,50,GC10P004963,10.7294769287109,https://www.genecards.org/cgi-bin/carddisp.pl?gene=AKR1C1
Ursolic Acid,AKR1C2,Aldo-Keto Reductase Family 1 Member C2,Protein Coding,P52895,52,GC10M004987,7.22926187515259,https://www.genecards.org/cgi-bin/carddisp.pl?gene=AKR1C2
Ursolic Acid,AR,Androgen Receptor,Protein Coding,P10275,58,GC0XP067544,64.6021728515625,https://www.genecards.org/cgi-bin/carddisp.pl?gene=AR
Ursolic Acid,CES1,Carboxylesterase 1,Protein Coding,P23141,55,GC16M055836,5.33168029785156,https://www.genecards.org/cgi-bin/carddisp.pl?gene=CES1
Ursolic Acid,COX5A,Cytochrome C Oxidase Subunit 5A,Protein Coding,P20674,50,GC15M074919,9.33370590209961,https://www.genecards.org/cgi-bin/carddisp.pl?gene=COX5A
Ursolic Acid,ESR1,Estrogen Receptor 1,Protein Coding,P03372,61,GC06P151656,68.4392929077148,https://www.genecards.org/cgi-bin/carddisp.pl?gene=ESR1
Ursolic Acid,ESR2,Estrogen Receptor 2,Protein Coding,Q92731,56,GC14M064084,28.8057041168213,https://www.genecards.org/cgi-bin/carddisp.pl?gene=ESR2
Ursolic Acid,ESRRG,Estrogen Related Receptor Gamma,Protein Coding,P62508,50,GC01M216503,7.81692361831665,https://www.genecards.org/cgi-bin/carddisp.pl?gene=ESRRG
Ursolic Acid,GSTP1,Glutathione S-Transferase Pi 1,Protein Coding,P09211,57,GC11P067583,38.8755569458008,https://www.genecards.org/cgi-bin/carddisp.pl?gene=GSTP1
Ursolic Acid,HOXA10,Homeobox A10,Protein Coding,P31260,47,GC07M027812,6.9095344543457,https://www.genecards.org/cgi-bin/carddisp.pl?gene=HOXA10
Ursolic Acid,HSD17B1,Hydroxysteroid 17-Beta Dehydrogenase 1,Protein Coding,P14061,48,GC17P078078,15.5228900909424,https://www.genecards.org/cgi-bin/carddisp.pl?gene=HSD17B1
Ursolic Acid,MT-CO1,Mitochondrially Encoded Cytochrome C Oxidase I,Protein Coding,P00395,38,GCMTP005906,20.2155170440674,https://www.genecards.org/cgi-bin/carddisp.pl?gene=MT-CO1
Ursolic Acid,NCOA2,Nuclear Receptor Coactivator 2,Protein Coding,Q15596,52,GC08M070109,10.3844633102417,https://www.genecards.org/cgi-bin/carddisp.pl?gene=NCOA2
Ursolic Acid,NFKB1,Nuclear Factor Kappa B Subunit 1,Protein Coding,P19838,60,GC04P102501,32.5322761535645,https://www.genecards.org/cgi-bin/carddisp.pl?gene=NFKB1
Ursolic Acid,NFKB2,Nuclear Factor Kappa B Subunit 2,Protein Coding,Q00653,59,GC10P102394,15.0553283691406,https://www.genecards.org/cgi-bin/carddisp.pl?gene=NFKB2
Ursolic Acid,NR1H4,Nuclear Receptor Subfamily 1 Group H Member 4,Protein Coding,Q96RI1,54,GC12P100473,5.04072093963623,https://www.genecards.org/cgi-bin/carddisp.pl?gene=NR1H4
Ursolic Acid,NR1I2,Nuclear Receptor Subfamily 1 Group I Member 2,Protein Coding,O75469,50,GC03P119780,10.6707277297974,https://www.genecards.org/cgi-bin/carddisp.pl?gene=NR1I2
Ursolic Acid,NR3C1,Nuclear Receptor Subfamily 3 Group C Member 1,Protein Coding,P04150,56,GC05M143277,14.93212890625,https://www.genecards.org/cgi-bin/carddisp.pl?gene=NR3C1
Ursolic Acid,NR3C2,Nuclear Receptor Subfamily 3 Group C Member 2,Protein Coding,P08235,53,GC04M148078,7.7920708656311,https://www.genecards.org/cgi-bin/carddisp.pl?gene=NR3C2
Ursolic Acid,PGR,Progesterone Receptor,Protein Coding,P06401,56,GC11M109955,29.506965637207,https://www.genecards.org/cgi-bin/carddisp.pl?gene=PGR
Ursolic Acid,PPARA,Peroxisome Proliferator Activated Receptor Alpha,Protein Coding,Q07869,51,GC22P046150,14.4844417572021,https://www.genecards.org/cgi-bin/carddisp.pl?gene=PPARA
Ursolic Acid,PRLR,Prolactin Receptor,Protein Coding,P16471,56,GC05M035048,12.5990953445435,https://www.genecards.org/cgi-bin/carddisp.pl?gene=PRLR
Ursolic Acid,RORA,RAR Related Orphan Receptor A,Protein Coding,P35398,55,GC15M060488,10.2709007263184,https://www.genecards.org/cgi-bin/carddisp.pl?gene=RORA
Ursolic Acid,SHBG,Sex Hormone Binding Globulin,Protein Coding,P04278,48,GC17P007613,14.5572338104248,https://www.genecards.org/cgi-bin/carddisp.pl?gene=SHBG
Ursolic Acid,VDR,Vitamin D Receptor,Protein Coding,P11473,57,GC12M047841,32.3287086486816,https://www.genecards.org/cgi-bin/carddisp.pl?gene=VDR
